jugador,rol,min_club,idx_club,min_wc,idx_wc,min,ind,ind_s,col,fp,merece,liga,ucl,wc,copas,premios,tit
Harry Kane,ATT,2382.0,98.0,654.0,42.0,3036,85.93675889328063,81.73126487548994,0.75,0.7083333333333334,87.0,1.0,0.6,0.85,1.0,0.7,0.8600000000000001
Michael Olise,ATT,2317.0,98.0,650.0,63.0,2967,90.33232221098751,84.68504233122512,0.75,0.1666666666666666,83.0,1.0,0.6,0.7,1.0,0.5,0.8
Ousmane Dembélé,ATT,1062.0,97.0,597.0,61.0,1659,84.04520795660036,78.76381779458255,0.85,0.9583333333333334,67.0,1.0,1.0,0.7,0.0,0.0,0.6799999999999999
Lamine Yamal,ATT,2268.0,99.0,615.0,48.0,2883,88.12070759625391,83.06669684476707,0.85,0.875,84.0,1.0,0.4,1.0,0.5,0.5,0.78
Kylian Mbappé,ATT,2604.0,98.0,698.0,77.0,3302,93.56087219866748,87.383346462575,0.575,0.4166666666666667,80.0,0.5,0.4,0.7,0.0,0.8,0.45999999999999996
Nuno Mendes,DEF,1251.0,74.0,397.0,60.0,1648,70.62742718446601,71.36868837354866,0.625,0.7916666666666666,51.0,1.0,1.0,0.25,0.0,0.0,0.5
Declan Rice,MID,3099.0,69.0,571.0,66.0,3670,68.53324250681199,69.53910911233046,0.8,0.5416666666666666,52.0,1.0,0.8,0.7,0.0,0.0,0.64
Ferran Torres,ATT,1984.0,81.0,0.0,,1984,81.0,77.46650502216524,0.85,0.625,64.0,1.0,0.4,1.0,0.0,0.0,0.68
Luis Díaz,ATT,2450.0,94.0,0.0,,2450,94.0,86.28140203786813,0.4,0.0416666666666666,60.0,1.0,0.6,0.0,0.0,0.0,0.32
Lautaro Martínez,ATT,2178.0,90.0,0.0,,2178,90.0,83.2169296326244,0.675,0.2916666666666667,65.0,1.0,0.0,0.85,0.0,0.0,0.54
João Neves,MID,1287.0,62.0,391.0,60.0,1678,61.533969010727056,66.32210295373147,0.625,0.9583333333333334,45.0,1.0,1.0,0.25,0.0,0.0,0.5
Erling Haaland,ATT,2958.0,88.0,465.0,64.0,3423,84.73970201577563,81.21377074039366,0.3125,0.8333333333333334,55.0,0.5,0.0,0.375,0.0,0.0,0.25
Jude Bellingham,MID,1917.0,85.0,629.0,63.0,2546,79.56480754124117,77.03832847636009,0.575,0.375,55.0,0.5,0.4,0.7,0.0,0.0,0.45999999999999996
Bruno Fernandes,MID,3066.0,61.0,423.0,52.0,3489,59.90885640584695,63.35840622936534,0.25,0.4583333333333333,29.0,0.5,0.0,0.25,0.0,0.0,0.2
Vinícius Júnior,ATT,2825.0,94.0,0.0,,2825,94.0,86.97468927997579,0.225,0.2083333333333333,57.0,0.5,0.4,0.0,0.0,0.0,0.18000000000000002
Pau Cubarsí,DEF,2708.0,63.0,750.0,52.0,3458,60.61422787738577,63.887963341077146,0.85,0.6666666666666666,47.0,1.0,0.4,1.0,0.0,0.0,0.68
Dayot Upamecano,DEF,1797.0,73.0,661.0,74.0,2458,73.26891781936534,72.91605245375496,0.75,0.3333333333333333,54.0,1.0,0.6,0.7,0.0,0.0,0.6
Gabriel Magalhães,DEF,2751.0,65.0,0.0,,2751,65.0,67.39437399266006,0.45,0.5,39.0,1.0,0.8,0.0,0.0,0.0,0.36000000000000004
William Saliba,DEF,2615.0,57.0,480.0,37.0,3095,53.89822294022617,59.47903886251944,0.8,0.75,40.0,1.0,0.8,0.7,0.0,0.0,0.64
Achraf Hakimi,DEF,1374.0,31.0,300.0,40.0,1674,32.61290322580645,50.31856076187133,0.5,0.0833333333333333,17.0,1.0,1.0,0.0,0.0,0.0,0.4
Rodri,MID,1513.0,75.0,726.0,73.0,2239,74.35149620366235,73.56988791972664,0.625,0.5833333333333334,68.0,0.5,0.0,1.0,0.0,1.0,0.5
Willian Pacho,DEF,1915.0,73.0,0.0,,1915,73.0,72.69964096290931,0.5,0.9583333333333334,50.0,1.0,1.0,0.0,0.0,0.0,0.4
Marc Cucurella,DEF,2710.0,43.0,750.0,38.0,3460,41.91618497109827,50.436450674407254,0.5,0.125,17.0,0.0,0.0,1.0,0.0,0.0,0.4
Vitinha,ATT,2254.0,34.0,0.0,,2254,34.0,48.33666141617616,0.0,0.25,1.0,0.0,0.0,0.0,0.0,0.0,0.0
Lionel Messi,,,,,,420,78.0,73.6323885558751,,0.8,60.0,0.0,0.0,0.85,0.0,0.8,0.34
